system:index,water_km2,year,.geo
1984,0.2648876844276578,1984.0,"{""type"":""MultiPoint"",""coordinates"":[]}"
1985,0.2767096190242992,1985.0,"{""type"":""MultiPoint"",""coordinates"":[]}"
1986,0.31258468068991263,1986.0,"{""type"":""MultiPoint"",""coordinates"":[]}"
1987,0.3120397502745385,1987.0,"{""type"":""MultiPoint"",""coordinates"":[]}"
1988,0.06740394164919385,1988.0,"{""type"":""MultiPoint"",""coordinates"":[]}"
1989,0.0,1989.0,"{""type"":""MultiPoint"",""coordinates"":[]}"
1990,0.0,1990.0,"{""type"":""MultiPoint"",""coordinates"":[]}"
1991,0.28720929827904795,1991.0,"{""type"":""MultiPoint"",""coordinates"":[]}"
1992,0.0,1992.0,"{""type"":""MultiPoint"",""coordinates"":[]}"
1993,0.2911935371311562,1993.0,"{""type"":""MultiPoint"",""coordinates"":[]}"
1994,0.3131733283339556,1994.0,"{""type"":""MultiPoint"",""coordinates"":[]}"
1995,0.0,1995.0,"{""type"":""MultiPoint"",""coordinates"":[]}"
1996,0.0,1996.0,"{""type"":""MultiPoint"",""coordinates"":[]}"
1997,0.0,1997.0,"{""type"":""MultiPoint"",""coordinates"":[]}"
1998,0.0,1998.0,"{""type"":""MultiPoint"",""coordinates"":[]}"
1999,0.18835016239205155,1999.0,"{""type"":""MultiPoint"",""coordinates"":[]}"
2000,0.29928756879356233,2000.0,"{""type"":""MultiPoint"",""coordinates"":[]}"
2001,0.30338053665699677,2001.0,"{""type"":""MultiPoint"",""coordinates"":[]}"
2002,0.3042600232895795,2002.0,"{""type"":""MultiPoint"",""coordinates"":[]}"
2003,0.3042577161621094,2003.0,"{""type"":""MultiPoint"",""coordinates"":[]}"
2004,0.30338061282887174,2004.0,"{""type"":""MultiPoint"",""coordinates"":[]}"
2005,0.3039623289335363,2005.0,"{""type"":""MultiPoint"",""coordinates"":[]}"
2006,0.3051396305692785,2006.0,"{""type"":""MultiPoint"",""coordinates"":[]}"
2007,0.3012936074400659,2007.0,"{""type"":""MultiPoint"",""coordinates"":[]}"
2008,0.28500885407738785,2008.0,"{""type"":""MultiPoint"",""coordinates"":[]}"
2009,0.30220326041187956,2009.0,"{""type"":""MultiPoint"",""coordinates"":[]}"
2010,0.2943310510162952,2010.0,"{""type"":""MultiPoint"",""coordinates"":[]}"
2011,0.30455791446461394,2011.0,"{""type"":""MultiPoint"",""coordinates"":[]}"
2012,0.3027894796365177,2012.0,"{""type"":""MultiPoint"",""coordinates"":[]}"
2013,0.30303199977596507,2013.0,"{""type"":""MultiPoint"",""coordinates"":[]}"
2014,0.3051396305692785,2014.0,"{""type"":""MultiPoint"",""coordinates"":[]}"
2015,0.2993704192382812,2015.0,"{""type"":""MultiPoint"",""coordinates"":[]}"
2016,0.31482627267611635,2016.0,"{""type"":""MultiPoint"",""coordinates"":[]}"
2017,0.30280555587660846,2017.0,"{""type"":""MultiPoint"",""coordinates"":[]}"
2018,0.3149924998769723,2018.0,"{""type"":""MultiPoint"",""coordinates"":[]}"
2019,0.2976848395809398,2019.0,"{""type"":""MultiPoint"",""coordinates"":[]}"
2020,0.3012539479542452,2020.0,"{""type"":""MultiPoint"",""coordinates"":[]}"
2021,0.3156549315683402,2021.0,"{""type"":""MultiPoint"",""coordinates"":[]}"
